<?xml version="1.0" ?>
<rendertheme xmlns="http://opensciencemap.org/rendertheme" xmlns:xsi="http://www.w3.org/2001/XMLSchema-instance" map-background="#ffffff" version="1" xsi:schemaLocation="http://opensciencemap.org/rendertheme https://raw.githubusercontent.com/mapsforge/vtm/master/resources/rendertheme.xsd">
  <m e="way" k="natural" v="issea|sea">
    <area fill="#99badf" mesh="true"/>
  </m>
  <m e="way" k="natural" v="nosea">
    <area fill="#ffffff" mesh="true"/>
  </m>
  <m e="way" k="tunnel" v="~|no" closed="yes">
    <m zoom-min="12" k="landuse" v="residential|farmyard|retail|commercial|industrial|brownfield|railway|garages|construction|landfill">
      <area fill="#c1baba"/>
    </m>
    <m k="natural|landuse" v="forest|wood">
      <area fill="#c2e4c2"/>
    </m>
    <m k="landuse|natural" v="meadow|grass|grassland|scrub|heath">
      <area fill="#e9f4e9"/>
    </m>
    <m k="leisure" v="park|common|green|golf_course">
      <area fill="#e9f4e9"/>
    </m>
    <m k="landuse" v="orchard|vineyard">
      <area fill="#e9f4e9"/>
    </m>
    <m k="natural" v="rock">
      <area fill="#ffffff"/>
    </m>
    <m k="natural" v="glacier">
      <area fill="#d9f4f4"/>
    </m>
    <m k="natural" v="marsh|wetland">
      <area fill="#c1d59b"/>
    </m>
    <m k="landuse" v="quarry" zoom-min="11">
      <area fill="#e9d9c4"/>
    </m>
    <m k="landuse" v="military">
      <m zoom-min="11" zoom-max="12">
        <area fill="#e499b0"/>
      </m>
      <m zoom-min="13">
        <area fill="#f3bbcc"/>
      </m>
      <m zoom-min="14">
        <caption fill="#000000" k="name" priority="3" size="16" stroke="#ffffff" stroke-width="2" style="bold"/>
      </m>
    </m>
  </m>
  <m k="aeroway" zoom-min="10">
    <area fill="#d39be3"/>
    <line stroke="#d39be3" width="20"/>
    <m v="aerodrome">
      <caption dy="18" fill="#000000" k="name" priority="3" size="16" stroke="#ffffff" stroke-width="2" style="bold"/>
      <caption dy="-18" fill="#000000" k="ref" priority="3" size="16" stroke="#ffffff" stroke-width="2" style="bold"/>
    </m>
  </m>
  <m closed="yes" e="way" k="natural" v="water">
    <area fill="#99badf"/>
    <caption area-size="0.4" fill="#5273b2" k="name" size="16" stroke="#ffffff" stroke-width="2" style="bold"/>
  </m>
  <m closed="yes" e="way" k="landuse" v="reservoir|basin">
    <area fill="#99badf"/>
  </m>
  <m closed="yes" e="way" k="leisure" v="swimming_pool">
    <area fill="#ff4500"/>
    <caption area-size="0.4" fill="#ff4500" k="name" size="16" stroke="#ffffff" stroke-width="2" style="bold"/>
  </m>
  <m e="way" k="waterway" v="ditch" zoom-min="13">
    <line stroke="#99badf" stroke-width="2.4"/>
  </m>
  <m e="way" k="waterway" v="drain" zoom-min="13">
    <line stroke="#99badf" stroke-width="2"/>
  </m>
  <m e="way" k="waterway" v="canal" zoom-min="10">
    <line stroke="#99badf" stroke-width="3.6"/>
  </m>
  <m e="way" k="waterway" v="stream" zoom-min="13">
    <line stroke="#99badf" stroke-width="2.4"/>
  </m>
  <m e="way" k="waterway" v="river" zoom-min="8">
    <line stroke="#99badf" stroke-width="4.4"/>
  </m>
  <m closed="yes" e="way" k="waterway" v="riverbank">
    <area fill="#99badf"/>
  </m>
  <m closed="no" e="way" k="waterway" v="riverbank">
    <line stroke="#99badf" stroke-width="4"/>
  </m>
  <m closed="no" e="way" k="natural" v="water">
    <line stroke="#99badf" stroke-width="4"/>
  </m>
  <m closed="no" e="way" k="landuse" v="reservoir|basin">
    <line stroke="#99badf" stroke-width="0.8"/>
  </m>
  <style-text id="road" k="ref" priority="2" size="16" fill="#000000" stroke="#ffffff" stroke-width="4"/>
  <style-text id="major-road" k="ref" priority="1" size="16" fill="#000000" stroke="#ffffff" stroke-width="4" style="bold"/>
  <m e="way" k="tunnel" v="~|no">
    <m k="area" v="~">
      <outline-layer id="4" stroke="#000000" width="4" cap="butt"/>
      <outline-layer id="3" stroke="#000000" width="3" cap="butt"/>
      <outline-layer id="2" stroke="#000000" width="2" cap="butt"/>
      <outline-layer id="1" stroke="#000000" width="1" cap="butt"/>
      <outline-layer id="1l" stroke="#555555" width="1" cap="butt"/>
      <m k="highway" select="first">
        <m v="motorway|trunk">
          <line stroke="#e97446" width="5" outline="2" cap="butt"/>
          <m k="network|hknetwork" v="~" zoom-min="12">
            <text use="major-road"/>
          </m>
        </m>
        <m v="motorway_link|trunk_link">
          <line stroke="#e97446" width="3" outline="2" cap="butt"/>
        </m>
        <m v="primary|primary_link">
          <line stroke="#e8af5f" width="4" outline="2" cap="butt"/>
          <m k="network|hknetwork" v="~" zoom-min="12">
            <text use="major-road"/>
          </m>
        </m>
        <m v="secondary|secondary_link" zoom-min="10">
          <line stroke="#ebdeaa" width="4" outline="1" cap="butt"/>
          <m k="network|hknetwork" v="~" zoom-min="13">
            <text use="road"/>
          </m>
        </m>
        <m v="tertiary|tertiary_link" zoom-min="11">
          <line stroke="#f5f18a" width="3" outline="1l" cap="butt"/>
          <m k="network|hknetwork" v="~" zoom-min="13">
            <text use="road"/>
          </m>
        </m>
        <m v="unclassified" zoom-min="13">
          <line stroke="#ffffff" width="3" outline="1l" cap="butt"/>
        </m>
        <m v="living_street|residential|service|services" zoom-min="13">
          <line stroke="#ffffff" width="2" outline="1l" cap="butt"/>
        </m>
        <m zoom-min="15">
          <line stroke="#c9a573" width="1"/>
        </m>
      </m>
    </m>
  </m>
  <m e="way" k="admin_level" v="2">
    <line fix="true" stipple="50" stipple-stroke="#ffd93f" stroke="#921f1f" width="6"/>
  </m>
  <m k="railway" zoom-min="10">
    <m v="station|halt" zoom-min="13">
      <caption priority="3" dy="20" fill="#c00044" k="name" size="16" stroke="#ffffff" stroke-width="4" style="bold"/>
    </m>
    <m k="tunnel" v="~|false|no">
      <m v="rail|light_rail">
        <line fix="true" stipple="30" stipple-stroke="#cccccc" stroke="#000000" width="4"/>
      </m>
    </m>
  </m>
  <m k="highway" zoom-min="13">
    <m v="bus_stop">
      <m zoom-min="15">
        <caption dy="20" fill="#3d4bb5" k="name" size="16" stroke="#ffffff" stroke-width="2" style="bold"/>
      </m>
    </m>
  </m>
  <m k="route" v="ferry" zoom-min="11">
    <line dasharray="15,10" fix="true" stroke="#707070" width="4"/>
  </m>
  <m k="natural" v="peak" zoom-min="13">
    <caption dy="12" fill="#000000" k="name" size="14" stroke="#ffffff" stroke-width="2" style="bold"/>
    <caption dy="-12" fill="#000000" k="ele" size="12" stroke="#ffffff" stroke-width="2" style="bold"/>
  </m>
  <m e="way" k="power" v="line">
    <line dasharray="20,10" fix="true" stroke="#bf34ba" width="4"/>
  </m>
  <m e="way" k="power" v="minor_line">
    <line dasharray="5,5" fix="true" stroke="#bf34ba" width="3"/>
  </m>
  <m e="node" k="generator:source" v="wind">
  </m>
  <m e="way" k="aerialway">
    <line dasharray="20,10" fix="true" stroke="#3e4bc5" width="3"/>
  </m>
  <m k="tourism" v="alpine_hut" zoom-min="13">
  </m>
  <m e="way" zoom-min="13" select="first">
    <m k="building" select="first">
    </m>
    <m k="historic" v="ruins|castle">
    </m>
  </m>
  <m k="natural" v="cave_entrance" zoom-min="15">
  </m>
  <m e="way" k="waterway" v="river" zoom-min="12">
    <pathText fill="#5273b2" font-size="14" font-style="bold" k="name" stroke="#ffffff" stroke-width="2"/>
  </m>
  <m k="place">
    <m v="island" zoom-min="13">
      <caption fill="#000000" k="name" priority="5" size="14" stroke="#ffffff" stroke-width="2" style="bold"/>
    </m>
    <m v="locality" zoom-min="14">
      <caption fill="#000000" k="name" priority="5" size="14" stroke="#ffffff" stroke-width="2" style="bold"/>
    </m>
    <m v="isolated_dwelling" zoom-min="14">
      <caption fill="#000000" k="name" priority="5" size="14" stroke="#ffffff" stroke-width="2" style="bold"/>
    </m>
    <m v="hamlet" zoom-min="14">
      <caption fill="#000000" k="name" priority="5" size="14" stroke="#ffffff" stroke-width="2" style="bold"/>
    </m>
    <m v="neighbourhood" zoom-min="14">
      <caption fill="#000000" k="name" priority="5" size="14" stroke="#ffffff" stroke-width="2" style="bold"/>
    </m>
    <m v="suburb">
      <caption fill="#000000" k="name" priority="4" size="14" stroke="#ffffff" stroke-width="2" style="bold"/>
    </m>
    <m v="village">
      <caption fill="#000000" k="name" priority="3" size="17" stroke="#ffffff" stroke-width="2" style="bold"/>
    </m>
    <m v="town">
      <caption fill="#000000" k="name" priority="2" size="18" stroke="#ffffff" stroke-width="2" style="bold"/>
    </m>
    <m v="city">
      <caption fill="#000000" k="name" priority="1" size="19" stroke="#ffffff" stroke-width="2" style="bold"/>
    </m>
    <m v="country">
      <caption fill="#000000" k="name" priority="0" size="20" stroke="#ffffff" stroke-width="2" style="bold"/>
    </m>
  </m>
  <m k="liftyline" v="1" k2="layer" v2="5" zoom-min="11" zoom-max="24" display-size-min="0">
    <area fill="#ff7f00"/>
    <line stroke="#ff7f00" stroke-width="2"/>
  </m>
  <m k="liftyline" v="2" k2="layer" v2="5" zoom-min="11" zoom-max="24" display-size-min="0">
    <area fill="#c06000"/>
    <line stroke="#c06000" stroke-width="2"/>
  </m>
  <m k="liftyline" v="3" k2="layer" v2="5" zoom-min="11" zoom-max="24" display-size-min="0">
    <area fill="#804000"/>
    <line stroke="#804000" stroke-width="2"/>
  </m>

</rendertheme>
